<meta>
  <script src="gui_createGUI.lua" type="client" />
  <script src="gui_dialogs.lua" type="client" />
  <script src="gui_draw.lua" type="client" />
  <script src="gui_exports.lua" type="client" />
  <script src="gui_features.lua" type="client" />
  <script src="gui_internal.lua" type="client" />
  <script src="gui_skins.lua" type="client" />
  <script src="gui_general.lua" type="client" />
  <script src="gui_vars.lua" type="client" />
  <!-- skins -->
  <script src="skins/default/default.lua" type="client" />
  <script src="skins/abc/abc.lua" type="client" />
  <file src="skins/abc/window_title_corner.png" type="client" />
  <file src="skins/abc/corner.png" type="client" />
  <file src="skins/abc/button.png" type="client" />
  <file src="skins/abc/bar_vertical.png" type="client" />
  <file src="skins/abc/checkbox_tick.png" type="client" />
  <file src="skins/abc/arrow.png" type="client" />
  <export function="createScrollArea" type="client" />
  <export function="createWindow" type="client" />
  <export function="createButton" type="client" />
  <export function="createLabel" type="client" />
  <export function="createEditBox" type="client" />
  <export function="createMemo" type="client" />
  <export function="createTabPanel" type="client" />
  <export function="addTab" type="client" />
  <export function="createGridList" type="client" />
  <export function="gridlistSetSelectedItemColor" type="client" />
  <export function="gridlistClear" type="client" />
  <export function="gridlistRemoveRow" type="client" />
  <export function="gridlistAddColumn" type="client" />
  <export function="gridlistAddRow" type="client" />
  <export function="gridlistSetItemText" type="client" />
  <export function="gridlistGetItemText" type="client" />
  <export function="gridlistSetItemData" type="client" />
  <export function="gridlistGetItemData" type="client" />
  <export function="gridlistSetItemColor" type="client" />
  <export function="gridlistGetItemColor" type="client" />
  <export function="gridlistSetItemSortIndex" type="client" />
  <export function="gridlistGetSelectedItem" type="client" />
  <export function="gridlistSetSelectionMode" type="client" />
  <export function="gridlistGetRowCount" type="client" />
  <export function="createCheckBox" type="client" />
  <export function="getCheckBoxState" type="client" />
  <export function="setCheckBoxState" type="client" />
  <export function="createRadioButton" type="client" />
  <export function="getRadioButtonState" type="client" />
  <export function="setRadioButtonState" type="client" />
  <export function="createSlider" type="client" />
  <export function="getSliderSelectedOption" type="client" />
  <export function="setSliderSelectedOption" type="client" />
  <export function="createComboBox" type="client" />
  <export function="comboBoxAddOption" type="client" />
  <export function="comboBoxRemoveOption" type="client" />
  <export function="comboBoxGetCurrentOption" type="client" />
  <export function="comboBoxSetCurrentOption" type="client" />
  <export function="comboBoxGetOptions" type="client" />
  <export function="createImage" type="client" />
  <export function="getSkinColor" type="client" />
  <export function="setScrollBarColor" type="client" />
  <export function="focus" type="client" />
  <export function="bringToFront" type="client" />
  <export function="moveToBack" type="client" />
  <export function="setVisible" type="client" />
  <export function="getVisible" type="client" />
  <export function="moveWithEffect" type="client" />
  <export function="resizeWithEffect" type="client" />
  <export function="getTextColor" type="client" />
  <export function="setTextColor" type="client" />
  <export function="getText" type="client" />
  <export function="setText" type="client" />
  <export function="getTextScale" type="client" />
  <export function="setTextScale" type="client" />
  <export function="setDefaultTextAlignment" type="client" />
  <export function="setTextAlignment" type="client" />
  <export function="setEnabled" type="client" />
  <export function="setProperty" type="client" />
  <export function="getProperty" type="client" />
  <export function="getType" type="client" />
  <export function="setPosition" type="client" />
  <export function="getPosition" type="client" />
  <export function="setSize" type="client" />
  <export function="getSize" type="client" />
  <export function="createDialog" type="client" />
  <export function="closeDialog" type="client" />
  <min_mta_version client="1.3.4-0.00000" server="1.3.4-0.00000" />
</meta>